id,client_id,date,created_at,reminder_sent_at
b88b7e7b-f988-4770-93ed-336efba31524,b14cf24e-9d3e-4d88-8ed9-527d80ef5946,2026-01-21,2026-07-19T14:01:43.697993+00:00,
c65df288-598e-4d2d-b9ce-ed740b23076f,b14cf24e-9d3e-4d88-8ed9-527d80ef5946,2026-02-03,2026-07-19T14:01:43.697993+00:00,
eff6a32b-cac3-450b-9bca-3f6be83b5118,b14cf24e-9d3e-4d88-8ed9-527d80ef5946,2026-02-11,2026-07-19T14:01:43.697993+00:00,
f095cc10-5dd6-453c-97f2-4bddb36338fc,b14cf24e-9d3e-4d88-8ed9-527d80ef5946,2026-02-17,2026-07-19T14:01:43.697993+00:00,
215aba30-ba33-4bfd-9a0d-b66e5abfbadc,b14cf24e-9d3e-4d88-8ed9-527d80ef5946,2026-03-17,2026-07-19T14:01:43.697993+00:00,
d3cabdaa-e1bb-453e-89a2-f99cc8bfb783,6015d8c1-a252-4aee-8825-503e276d71bc,2026-03-25,2026-07-19T14:01:39.968753+00:00,
2b87eafd-09a4-493e-9ad0-55cfdebd28c9,b14cf24e-9d3e-4d88-8ed9-527d80ef5946,2026-03-25,2026-07-19T14:01:43.697993+00:00,
8a5ac394-7968-4976-b8e3-21b6d2b9c187,c221ff76-7d3d-4e79-b52f-2e45a99e0f00,2026-04-12,2026-07-19T14:01:48.067513+00:00,
fea10bf1-736f-4d8a-a18f-45f537648754,4436580b-a413-493f-851b-b80b966d6fa8,2026-04-13,2026-07-19T14:01:47.441034+00:00,
1efd2212-ed84-451a-b4a0-aa21b08928f5,c221ff76-7d3d-4e79-b52f-2e45a99e0f00,2026-04-15,2026-07-19T14:01:48.067513+00:00,
802a2b14-9ef7-4a8d-8698-a0e70d4a7de5,b14cf24e-9d3e-4d88-8ed9-527d80ef5946,2026-04-15,2026-07-19T14:01:43.697993+00:00,
19abe15d-d473-40fb-8fb6-2ec4865de75c,6015d8c1-a252-4aee-8825-503e276d71bc,2026-04-15,2026-07-19T14:01:39.968753+00:00,
7c2e600d-c2ce-4e26-9729-a1a8e0285d46,c221ff76-7d3d-4e79-b52f-2e45a99e0f00,2026-04-19,2026-07-19T14:01:48.067513+00:00,
6a69d362-e5d9-4807-a26d-aa98307c6ff8,c221ff76-7d3d-4e79-b52f-2e45a99e0f00,2026-04-20,2026-07-19T14:01:48.067513+00:00,
8ab8b8a8-dc97-4557-838f-34e3d0edf0d5,6d2f17f9-bed5-4436-ab0a-56f130a11a59,2026-04-29,2026-07-19T14:11:14.734213+00:00,
50568fc5-1427-44c6-871a-d5c93b3e3663,c221ff76-7d3d-4e79-b52f-2e45a99e0f00,2026-05-03,2026-07-19T14:01:48.067513+00:00,
5a0fec59-bfd7-4e15-bb0e-67cceecd591d,4436580b-a413-493f-851b-b80b966d6fa8,2026-05-04,2026-07-19T14:01:47.441034+00:00,
a9b14856-d18a-4096-abdf-aff183d87cbd,c221ff76-7d3d-4e79-b52f-2e45a99e0f00,2026-05-06,2026-07-19T14:01:48.067513+00:00,
3a0b205e-e08b-4c64-a5f4-8bb8ca4be8cf,6d2f17f9-bed5-4436-ab0a-56f130a11a59,2026-05-06,2026-07-19T14:11:14.734213+00:00,
c2e3a0c6-bb35-447d-b592-fb08a40d8361,4436580b-a413-493f-851b-b80b966d6fa8,2026-05-11,2026-07-19T14:01:47.441034+00:00,
5362038f-afb7-4649-81bf-2a1649dabc9a,fcab141e-2130-462a-a46b-b11c7ee961e5,2026-05-11,2026-07-19T14:01:39.343132+00:00,
d69f8b74-98c9-4bcb-89f7-23335d4f1c16,bd99711d-abd0-42de-99ec-4227b6b0d681,2026-05-12,2026-07-19T14:01:46.823375+00:00,
76ecb984-23da-4d87-8a17-7090362c806e,6d2f17f9-bed5-4436-ab0a-56f130a11a59,2026-05-13,2026-07-19T14:11:14.734213+00:00,
ffc734ae-c8e6-475f-aac1-5b6dedce88f1,6cf8182d-b80b-4248-ae9e-238c0ac73548,2026-05-14,2026-07-19T14:11:10.090324+00:00,
415901e8-2984-451a-af74-991ae6fa22ed,fcab141e-2130-462a-a46b-b11c7ee961e5,2026-05-18,2026-07-19T14:01:39.343132+00:00,
66f7d5e9-f7a7-4cd6-8c8d-412fe27ea073,4436580b-a413-493f-851b-b80b966d6fa8,2026-05-18,2026-07-19T14:01:47.441034+00:00,
e7973993-f141-4839-af38-2b217f2ad561,6015d8c1-a252-4aee-8825-503e276d71bc,2026-05-20,2026-07-19T14:01:39.968753+00:00,
40ac0d89-cdc8-4a91-a6b4-501bff8de268,e04728c4-631c-4806-ac18-0466e74eec35,2026-05-20,2026-07-19T14:01:41.835309+00:00,
fdb81107-0636-47d0-9acb-aaa3c46e31dc,8f4f2e6f-372f-4893-b550-4a4c644e0783,2026-05-21,2026-07-19T14:01:40.596274+00:00,
00c69554-07b6-4d73-a836-47b8db68eb73,bd99711d-abd0-42de-99ec-4227b6b0d681,2026-05-26,2026-07-19T14:01:46.823375+00:00,
36e986da-4b61-4e3e-8b95-1a97b8870f1e,6d2f17f9-bed5-4436-ab0a-56f130a11a59,2026-05-27,2026-07-19T14:11:14.734213+00:00,
4e7858b2-bcb9-45bc-9cc6-672c63fce500,e04728c4-631c-4806-ac18-0466e74eec35,2026-05-27,2026-07-19T14:01:41.835309+00:00,
45e3c61b-0e4d-458a-b200-becac4cdb878,6015d8c1-a252-4aee-8825-503e276d71bc,2026-05-27,2026-07-19T14:01:39.968753+00:00,
383cd3f5-b177-4f8f-912e-0785b1ea970e,fcab141e-2130-462a-a46b-b11c7ee961e5,2026-05-27,2026-07-19T14:01:39.343132+00:00,
97eed4f5-0453-4d8d-9b16-503db319422d,6cf8182d-b80b-4248-ae9e-238c0ac73548,2026-05-28,2026-07-19T14:11:10.090324+00:00,
872f33f0-a37d-444e-862a-337d1b869de4,8f4f2e6f-372f-4893-b550-4a4c644e0783,2026-05-28,2026-07-19T14:01:40.596274+00:00,
72c2028a-2cd1-4cda-b982-eb83d296f902,b6af201d-8b20-4205-a6ac-46692b919c0f,2026-05-31,2026-07-19T14:11:16.887935+00:00,
3670fd57-b838-4545-a6ff-d28f2f6f4ebe,bd99711d-abd0-42de-99ec-4227b6b0d681,2026-06-02,2026-07-19T14:01:46.823375+00:00,
253d2522-c58d-4a31-bea2-2dabf664020b,6cf8182d-b80b-4248-ae9e-238c0ac73548,2026-06-02,2026-07-19T14:11:10.090324+00:00,
4778485a-af79-4926-ac12-397b89d6ca48,fcab141e-2130-462a-a46b-b11c7ee961e5,2026-06-03,2026-07-19T14:01:39.343132+00:00,
152350f6-4043-4f71-b74e-e5d292662cfd,37aeaa17-aae0-4b93-b427-c972b0a95917,2026-06-03,2026-07-19T14:01:34.33232+00:00,
82363167-c544-4a62-9de3-d40c0d9257d7,e04728c4-631c-4806-ac18-0466e74eec35,2026-06-03,2026-07-19T14:01:41.835309+00:00,
9b464c9d-b3d0-42d9-93a1-f73b5afd0f6d,6d2f17f9-bed5-4436-ab0a-56f130a11a59,2026-06-03,2026-07-19T14:11:14.734213+00:00,
2c4caaa5-a145-4ea7-8900-91c568c498ee,6015d8c1-a252-4aee-8825-503e276d71bc,2026-06-03,2026-07-19T14:01:39.968753+00:00,
401d495d-89c2-4de5-b587-1c58b37f2345,8f4f2e6f-372f-4893-b550-4a4c644e0783,2026-06-04,2026-07-19T14:01:40.596274+00:00,
1f157ed5-b910-4c3a-a55d-3766ba9ebb40,b6af201d-8b20-4205-a6ac-46692b919c0f,2026-06-07,2026-07-19T14:11:16.887935+00:00,
bbcb677b-03e4-4de8-a755-3eddbc41c56a,c221ff76-7d3d-4e79-b52f-2e45a99e0f00,2026-06-07,2026-07-19T14:01:48.067513+00:00,
4bbc10d5-16c1-4b38-ae49-5f964d777d7c,1399a309-4f8a-487a-8f2b-693fed74810f,2026-06-08,2026-07-19T14:01:31.824035+00:00,
eed0aa40-e8d4-4d37-aa07-1854aa1ad25c,37aeaa17-aae0-4b93-b427-c972b0a95917,2026-06-08,2026-07-19T14:01:34.33232+00:00,
d4e9f329-9d75-468c-b1ae-658dea02440e,4436580b-a413-493f-851b-b80b966d6fa8,2026-06-08,2026-07-19T14:01:47.441034+00:00,
d3d503da-bb00-4c0c-8f85-b95486abaac2,fcab141e-2130-462a-a46b-b11c7ee961e5,2026-06-08,2026-07-19T14:01:39.343132+00:00,
9b59ff65-8b3a-4172-b773-cae8a7a661a3,c221ff76-7d3d-4e79-b52f-2e45a99e0f00,2026-06-09,2026-07-19T14:01:48.067513+00:00,
65292bb2-1cd8-49b4-a1e8-8f131abadb12,bd99711d-abd0-42de-99ec-4227b6b0d681,2026-06-09,2026-07-19T14:01:46.823375+00:00,
172f02d5-fab7-497c-9c4d-cb2d48d55393,6cf8182d-b80b-4248-ae9e-238c0ac73548,2026-06-09,2026-07-19T14:11:10.090324+00:00,
0684a388-a696-4348-b0a5-aafe951d5e8b,6cf8182d-b80b-4248-ae9e-238c0ac73548,2026-06-09,2026-07-19T14:11:10.090324+00:00,
ce0cf111-5c60-4034-8774-30afe20404c1,e04728c4-631c-4806-ac18-0466e74eec35,2026-06-10,2026-07-19T14:01:41.835309+00:00,
4de82f9b-5f13-4c38-9961-382a97748ac5,37aeaa17-aae0-4b93-b427-c972b0a95917,2026-06-10,2026-07-19T14:01:34.33232+00:00,
99b07a8f-3a9e-414b-a549-bc147d6f5cb1,1399a309-4f8a-487a-8f2b-693fed74810f,2026-06-10,2026-07-19T14:01:31.824035+00:00,
d91241c7-86b6-4b83-8eea-b22b820b67ce,8f4f2e6f-372f-4893-b550-4a4c644e0783,2026-06-11,2026-07-19T14:01:40.596274+00:00,
2facdd56-0302-4c06-ba4a-74f013fefa12,6cf8182d-b80b-4248-ae9e-238c0ac73548,2026-06-11,2026-07-19T14:11:10.090324+00:00,
08ed4325-a58b-43d6-87bd-5355a73f0298,b6af201d-8b20-4205-a6ac-46692b919c0f,2026-06-14,2026-07-19T14:11:16.887935+00:00,
245f7812-1296-4fbf-9cd5-686c1ec51818,c221ff76-7d3d-4e79-b52f-2e45a99e0f00,2026-06-14,2026-07-19T14:01:48.067513+00:00,
4fe32fe2-3d3e-4acd-b9e3-a99baf2a1aaf,37aeaa17-aae0-4b93-b427-c972b0a95917,2026-06-15,2026-07-19T14:01:34.33232+00:00,
e349dbdc-6923-4b8b-bcd5-fa12944e0096,8317f825-0889-4b0f-9df3-ffddfed1bee3,2026-06-16,2026-07-19T14:01:45.588477+00:00,
285da82d-34b3-463a-b415-1557856402ef,1399a309-4f8a-487a-8f2b-693fed74810f,2026-06-16,2026-07-19T14:01:31.824035+00:00,
a8ac22d3-d479-40bb-8ea9-a5c24e699f95,6cf8182d-b80b-4248-ae9e-238c0ac73548,2026-06-16,2026-07-19T14:11:10.090324+00:00,
2163d0a2-a341-43a1-9cf9-3bd70be9ab2f,6cf8182d-b80b-4248-ae9e-238c0ac73548,2026-06-16,2026-07-19T14:11:10.090324+00:00,
1a057e87-29b5-4be1-b3c6-4eedd1253826,bd99711d-abd0-42de-99ec-4227b6b0d681,2026-06-16,2026-07-19T14:01:46.823375+00:00,
1f17e5e3-2d80-4217-b757-5f42b960ea53,6ff02f62-6059-4baf-9736-939b80a60e9c,2026-06-16,2026-07-19T14:01:44.966898+00:00,
293830b4-f388-47ea-a7aa-6fbafe8d443d,94d8c1d1-a880-4a5a-87ab-e7adde63dbec,2026-06-17,2026-07-19T14:01:33.077679+00:00,
a50703e5-8671-4413-b4b1-6c908636bac2,6015d8c1-a252-4aee-8825-503e276d71bc,2026-06-17,2026-07-19T14:01:39.968753+00:00,
7fa5986d-d111-4b7e-9356-82cbef960c3e,c221ff76-7d3d-4e79-b52f-2e45a99e0f00,2026-06-17,2026-07-19T14:01:48.067513+00:00,
f2208d04-35b7-430d-a561-d843706c5ab1,8f4f2e6f-372f-4893-b550-4a4c644e0783,2026-06-18,2026-07-19T14:01:40.596274+00:00,
34ac09f1-eaa9-41ed-87eb-a976c2d3aa8a,6cf8182d-b80b-4248-ae9e-238c0ac73548,2026-06-18,2026-07-19T14:11:10.090324+00:00,
f034bd3c-85fc-487f-b265-fc3b146f9dc9,35ec8d12-9c7f-49d6-812d-c48a77c8295e,2026-06-21,2026-07-19T14:11:17.812614+00:00,
ed5f370c-bbb0-456f-9472-4d015cfd69f5,9acca895-cbd2-4fd0-8c37-481474f5e9a8,2026-06-21,2026-07-19T14:01:46.20319+00:00,
6d767642-cdca-4bca-a1f5-d53244507ec4,8317f825-0889-4b0f-9df3-ffddfed1bee3,2026-06-21,2026-07-19T14:01:45.588477+00:00,
7c7c5587-df0f-40e5-8b4a-d107b41e13e1,c221ff76-7d3d-4e79-b52f-2e45a99e0f00,2026-06-21,2026-07-19T14:01:48.067513+00:00,
0faf2aa1-31ae-4e22-a1cd-57cf5b8b34ad,b6af201d-8b20-4205-a6ac-46692b919c0f,2026-06-21,2026-07-19T14:11:16.887935+00:00,
7a6f13cb-fd7d-4fcd-a67d-9f6d0e789bb2,fcab141e-2130-462a-a46b-b11c7ee961e5,2026-06-22,2026-07-19T14:01:39.343132+00:00,
8ea408b3-58e0-47d8-bf45-d4be368ace04,37aeaa17-aae0-4b93-b427-c972b0a95917,2026-06-22,2026-07-19T14:01:34.33232+00:00,
43403786-044a-4c34-bc5a-8d570bc10eb6,1399a309-4f8a-487a-8f2b-693fed74810f,2026-06-22,2026-07-19T14:01:31.824035+00:00,
b95e7e4d-11a1-41fa-a11a-1a976f21ec1f,9acca895-cbd2-4fd0-8c37-481474f5e9a8,2026-06-23,2026-07-19T14:01:46.20319+00:00,
df63384c-f482-4fc0-ad40-c216f2d14f4b,6ff02f62-6059-4baf-9736-939b80a60e9c,2026-06-23,2026-07-19T14:01:44.966898+00:00,
4fc1f221-b1b5-4df3-b55a-b83c2f2bfea3,c221ff76-7d3d-4e79-b52f-2e45a99e0f00,2026-06-23,2026-07-19T14:01:48.067513+00:00,
97f532a0-ea02-455a-a35b-3e848ee09025,a5728401-730d-4807-b1b3-9ef96547ad6d,2026-06-24,2026-07-19T14:01:36.849336+00:00,
b0a07f3a-b2e3-4ac6-9d37-b8898bb131cf,6ff02f62-6059-4baf-9736-939b80a60e9c,2026-06-24,2026-07-19T14:01:44.966898+00:00,
90c5144a-8565-44a7-b4e9-860cfb4d5c4a,58912263-266e-4886-9457-87f777e8c5f3,2026-06-24,2026-07-19T14:01:42.451767+00:00,
a3622315-842e-4042-b526-74ef1bffc302,4f00ea8b-f77e-46d5-a2d5-cd388b1a13df,2026-06-24,2026-07-19T14:01:41.21772+00:00,
08c49b85-e76a-45bf-ac69-061c78bd3eb4,6015d8c1-a252-4aee-8825-503e276d71bc,2026-06-24,2026-07-19T14:01:39.968753+00:00,
f3c0ade7-823a-410d-936f-4c61c075140c,37aeaa17-aae0-4b93-b427-c972b0a95917,2026-06-24,2026-07-19T14:01:34.33232+00:00,
d685d7e5-8716-4350-8ec3-15046b79b701,de3d4531-24e0-4fe7-aef5-4b5cb3b4837f,2026-06-24,2026-07-19T14:01:33.699117+00:00,
28048416-85b0-4531-b025-67f1eb417819,6d2f17f9-bed5-4436-ab0a-56f130a11a59,2026-06-24,2026-07-19T14:11:14.734213+00:00,
6b5fffb9-628f-4478-a632-f96ff65a141c,6cf8182d-b80b-4248-ae9e-238c0ac73548,2026-06-25,2026-07-19T14:11:10.090324+00:00,
d979e4f1-c01c-4239-ad88-64a77dd10660,8f4f2e6f-372f-4893-b550-4a4c644e0783,2026-06-25,2026-07-19T14:01:40.596274+00:00,
3fb05401-bb2b-411e-b620-489c3cad0c45,b6af201d-8b20-4205-a6ac-46692b919c0f,2026-06-28,2026-07-19T14:11:16.887935+00:00,
957f52cf-9f4e-47cb-a306-dd3e6eda5d4a,c221ff76-7d3d-4e79-b52f-2e45a99e0f00,2026-06-28,2026-07-19T14:01:48.067513+00:00,
d304b46d-76b1-40ca-981d-9b20639efeed,9acca895-cbd2-4fd0-8c37-481474f5e9a8,2026-06-28,2026-07-19T14:01:46.20319+00:00,
599f66da-67e5-45b0-bc91-c64f4eba2412,35ec8d12-9c7f-49d6-812d-c48a77c8295e,2026-06-28,2026-07-19T14:11:17.812614+00:00,
4aedb781-8791-48e6-9f8a-c6bfa898497a,8317f825-0889-4b0f-9df3-ffddfed1bee3,2026-06-28,2026-07-19T14:01:45.588477+00:00,
d794a978-b247-4887-a95a-cfd676110cb8,8f4f2e6f-372f-4893-b550-4a4c644e0783,2026-06-28,2026-07-19T14:01:40.596274+00:00,
3cbf0f31-bffe-4647-b28b-d131c26478c2,50805446-6ffa-4d1f-9cd9-55c375e5dc0d,2026-06-29,2026-07-19T14:01:38.71777+00:00,
b5c04024-3cd5-4f54-9c00-6aba796312e0,4436580b-a413-493f-851b-b80b966d6fa8,2026-06-29,2026-07-19T14:01:47.441034+00:00,
1a2c5640-8d4d-45c3-873b-ec49969136ec,fcab141e-2130-462a-a46b-b11c7ee961e5,2026-06-29,2026-07-19T14:01:39.343132+00:00,
c94e65d3-8ece-4109-8721-abce9ba37b06,9a7b317d-2741-4ca5-b5f2-c12526dc884d,2026-06-29,2026-07-19T14:01:37.476326+00:00,
0f546f73-e4f1-4d33-8da9-a774467c8ed8,37aeaa17-aae0-4b93-b427-c972b0a95917,2026-06-29,2026-07-19T14:01:34.33232+00:00,
f4a1668b-a9e8-4f01-8952-8c50f89704db,de3d4531-24e0-4fe7-aef5-4b5cb3b4837f,2026-06-29,2026-07-19T14:01:33.699117+00:00,
526ba881-31ff-46e4-b04e-5b03ac70de37,1399a309-4f8a-487a-8f2b-693fed74810f,2026-06-29,2026-07-19T14:01:31.824035+00:00,
ac1af410-0eee-4cd3-b1e7-54b52a944ccc,8317f825-0889-4b0f-9df3-ffddfed1bee3,2026-06-30,2026-07-19T14:01:45.588477+00:00,
4d5590a5-7782-47b5-842e-adb4218c99eb,c221ff76-7d3d-4e79-b52f-2e45a99e0f00,2026-06-30,2026-07-19T14:01:48.067513+00:00,
29deb0e1-0241-4241-ab27-190d546af180,9acca895-cbd2-4fd0-8c37-481474f5e9a8,2026-06-30,2026-07-19T14:01:46.20319+00:00,
44b3f67a-01eb-43fd-9433-5afcedfb1a6d,94d8c1d1-a880-4a5a-87ab-e7adde63dbec,2026-06-30,2026-07-19T14:01:33.077679+00:00,
125f54ec-b70d-43e2-a23c-d5e062dc8482,4f00ea8b-f77e-46d5-a2d5-cd388b1a13df,2026-07-01,2026-07-19T14:01:41.21772+00:00,
2448e2b3-781e-4d5d-9911-342d0cfb4d49,37aeaa17-aae0-4b93-b427-c972b0a95917,2026-07-01,2026-07-19T14:01:34.33232+00:00,
e9a4079d-6901-4e14-a6ee-e4015e528bba,6015d8c1-a252-4aee-8825-503e276d71bc,2026-07-01,2026-07-19T14:01:39.968753+00:00,
96dce55a-cb37-44bd-a2b5-19a16ff8d3de,35ec8d12-9c7f-49d6-812d-c48a77c8295e,2026-07-01,2026-07-19T14:11:17.812614+00:00,
f823024f-caef-45da-8829-4c8e88ffb53e,6d2f17f9-bed5-4436-ab0a-56f130a11a59,2026-07-01,2026-07-19T14:11:14.734213+00:00,
1eed44b0-c912-4d22-b9f3-8766dacff820,6ff02f62-6059-4baf-9736-939b80a60e9c,2026-07-01,2026-07-19T14:01:44.966898+00:00,
db85b3a5-475b-4eff-8ce5-b5e0f048d7ac,9a7b317d-2741-4ca5-b5f2-c12526dc884d,2026-07-01,2026-07-19T14:01:37.476326+00:00,
acf7e083-28c0-43c7-b08c-33ad6ee1adea,de3d4531-24e0-4fe7-aef5-4b5cb3b4837f,2026-07-01,2026-07-19T14:01:33.699117+00:00,
9ba27d3c-d730-41ad-b3d1-a88816c11215,1399a309-4f8a-487a-8f2b-693fed74810f,2026-07-02,2026-07-19T14:01:31.824035+00:00,
4194f7fc-d249-4d86-b681-52c286563cac,50805446-6ffa-4d1f-9cd9-55c375e5dc0d,2026-07-02,2026-07-19T14:01:38.71777+00:00,
632b966b-511d-4d8a-a1b9-a65cca22aef6,9ce4b93b-9b0f-43b5-b170-41df9d099056,2026-07-02,2026-07-19T14:11:11.022379+00:00,
a7ae7aa6-74c5-4f07-9ccf-9583fd8803d6,8f4f2e6f-372f-4893-b550-4a4c644e0783,2026-07-02,2026-07-19T14:01:40.596274+00:00,
eaf53ac4-c22a-4dac-8357-1c606d24f7c0,35ec8d12-9c7f-49d6-812d-c48a77c8295e,2026-07-05,2026-07-19T14:11:17.812614+00:00,
b1e1ca1f-0d79-4722-9b11-c40d148e64f1,9acca895-cbd2-4fd0-8c37-481474f5e9a8,2026-07-05,2026-07-19T14:01:46.20319+00:00,
d8bd45e5-8f6d-4a92-bc93-c42110de1494,b6af201d-8b20-4205-a6ac-46692b919c0f,2026-07-05,2026-07-19T14:11:16.887935+00:00,
15b2c4d5-a5a9-47d4-b4bd-7c3285a54bbe,94d8c1d1-a880-4a5a-87ab-e7adde63dbec,2026-07-05,2026-07-19T14:01:33.077679+00:00,
9d902dd0-17d5-4703-8a70-1f085cdf3022,c221ff76-7d3d-4e79-b52f-2e45a99e0f00,2026-07-05,2026-07-19T14:01:48.067513+00:00,
808d84d0-0120-441f-839f-7828937258af,da184778-b7c7-4fdb-a580-f78d0c9ae0d1,2026-07-05,2026-07-19T14:28:00.38388+00:00,
a0fbd536-3f48-4a9b-9618-46aadfeb0a9d,50805446-6ffa-4d1f-9cd9-55c375e5dc0d,2026-07-06,2026-07-19T14:01:38.71777+00:00,
d36b528a-3778-40af-8dd6-a5962d8a00d9,fcab141e-2130-462a-a46b-b11c7ee961e5,2026-07-06,2026-07-19T14:01:39.343132+00:00,
522a4202-eb83-47a1-90fe-3671d62b123c,50805446-6ffa-4d1f-9cd9-55c375e5dc0d,2026-07-06,2026-07-19T14:01:38.71777+00:00,
d463c382-e2b6-4417-b748-bbb7314bf4dd,1399a309-4f8a-487a-8f2b-693fed74810f,2026-07-06,2026-07-19T14:01:31.824035+00:00,
001b2be3-9d52-4dfb-b75a-ec2d21b4cbb5,a5728401-730d-4807-b1b3-9ef96547ad6d,2026-07-06,2026-07-19T14:01:36.849336+00:00,
3b52686e-2068-40a2-93b7-56e26985a97c,de3d4531-24e0-4fe7-aef5-4b5cb3b4837f,2026-07-06,2026-07-19T14:01:33.699117+00:00,
1d33b06f-a6db-4ca7-8dff-df19f0d129df,8317f825-0889-4b0f-9df3-ffddfed1bee3,2026-07-07,2026-07-19T14:01:45.588477+00:00,
f05f3106-234c-489c-a7b8-554484d004f1,9ce4b93b-9b0f-43b5-b170-41df9d099056,2026-07-07,2026-07-19T14:11:11.022379+00:00,
5bf9a993-60fb-48eb-8b44-2ce852b26878,9ce4b93b-9b0f-43b5-b170-41df9d099056,2026-07-07,2026-07-19T14:11:11.022379+00:00,
cfbd53c9-b168-499e-9029-e7b609d24220,9acca895-cbd2-4fd0-8c37-481474f5e9a8,2026-07-07,2026-07-19T14:01:46.20319+00:00,
af2218e4-5d36-4ae1-91d7-ed3d9f7c52fa,bd99711d-abd0-42de-99ec-4227b6b0d681,2026-07-07,2026-07-19T14:01:46.823375+00:00,
eca85067-a173-4654-88d3-f2917457b799,e04728c4-631c-4806-ac18-0466e74eec35,2026-07-08,2026-07-19T14:01:41.835309+00:00,
da0297be-e071-4b6c-894a-378cb0126d51,58912263-266e-4886-9457-87f777e8c5f3,2026-07-08,2026-07-19T14:01:42.451767+00:00,
448696ce-6190-45d3-9161-b5a86916909d,e560288e-46be-4a1b-abe2-2008669a10c1,2026-07-08,2026-07-19T14:01:32.448132+00:00,
6bf9e813-c246-4569-acdf-dc3d8b9e57b3,a5728401-730d-4807-b1b3-9ef96547ad6d,2026-07-08,2026-07-19T14:01:36.849336+00:00,
42d5d2f0-0c5a-4eb1-818b-3754c96f20f8,6d2f17f9-bed5-4436-ab0a-56f130a11a59,2026-07-08,2026-07-19T14:11:14.734213+00:00,
e1e1a781-191f-4926-af46-95c0bc468569,da184778-b7c7-4fdb-a580-f78d0c9ae0d1,2026-07-08,2026-07-19T14:28:24.84884+00:00,
06e2ce5d-473d-49f7-bbe3-c70d91420a58,20e7afcf-bce8-4b07-a018-66951d52711e,2026-07-08,2026-07-19T14:11:13.811517+00:00,
11971b17-fcf0-43bf-a8b9-7780e610e85a,c062818c-7f65-4af4-8415-cb09cc9b83e1,2026-07-08,2026-07-19T14:11:12.872829+00:00,
6a580924-6143-45ae-84d2-2f8d995a6824,9a7b317d-2741-4ca5-b5f2-c12526dc884d,2026-07-08,2026-07-19T14:01:37.476326+00:00,
c890d55e-be64-4fed-b81d-8b00eef84116,6ff02f62-6059-4baf-9736-939b80a60e9c,2026-07-08,2026-07-19T14:01:44.966898+00:00,
d4612268-d052-4911-848e-c96d2323cb1f,da184778-b7c7-4fdb-a580-f78d0c9ae0d1,2026-07-08,2026-07-19T14:28:11.849665+00:00,
e55c2d2c-0cac-4540-8aa2-94320ce8b644,4f00ea8b-f77e-46d5-a2d5-cd388b1a13df,2026-07-08,2026-07-19T14:01:41.21772+00:00,
92b7b875-efb4-4dff-a089-c3f4d146bf36,1399a309-4f8a-487a-8f2b-693fed74810f,2026-07-09,2026-07-19T14:01:31.824035+00:00,
a0035ba5-fa4f-49e4-93fd-f99b8d882699,9ce4b93b-9b0f-43b5-b170-41df9d099056,2026-07-09,2026-07-19T14:11:11.022379+00:00,
c82de134-2a14-4882-b808-4b42b654d911,50805446-6ffa-4d1f-9cd9-55c375e5dc0d,2026-07-12,2026-07-19T14:01:38.71777+00:00,
89066467-d094-4e6f-bac1-aa639e6377d5,50805446-6ffa-4d1f-9cd9-55c375e5dc0d,2026-07-12,2026-07-19T14:01:38.71777+00:00,
58f79ad3-022c-453f-8ed4-9157dbcf9ba8,8317f825-0889-4b0f-9df3-ffddfed1bee3,2026-07-12,2026-07-19T14:01:45.588477+00:00,
f76d67fc-bbe4-4bd0-a91f-0a52eadb6b07,b6af201d-8b20-4205-a6ac-46692b919c0f,2026-07-12,2026-07-19T14:11:16.887935+00:00,
4e0a3d5e-74df-43cb-a2dc-e149fae2c94d,37aeaa17-aae0-4b93-b427-c972b0a95917,2026-07-12,2026-07-19T14:01:34.33232+00:00,
5fffa9cf-b1d2-439c-88a0-4d8d3c843417,9acca895-cbd2-4fd0-8c37-481474f5e9a8,2026-07-12,2026-07-19T14:01:46.20319+00:00,
6a6f9ec8-2f23-498a-8e2f-b918b6e92305,da184778-b7c7-4fdb-a580-f78d0c9ae0d1,2026-07-12,2026-07-19T14:28:32.564839+00:00,
d2ff3a46-ae35-40c4-9faf-55a45c3cbd9a,e560288e-46be-4a1b-abe2-2008669a10c1,2026-07-13,2026-07-19T14:01:32.448132+00:00,
e3dab5af-2e96-4451-bdcf-202d4c47c176,9a7b317d-2741-4ca5-b5f2-c12526dc884d,2026-07-13,2026-07-19T14:01:37.476326+00:00,
e1604db3-862d-472c-a2d4-3ee49eba1e0a,a5728401-730d-4807-b1b3-9ef96547ad6d,2026-07-13,2026-07-19T14:01:36.849336+00:00,
cbb6da4c-976e-4b65-8e0b-dc2fdcc10543,9acca895-cbd2-4fd0-8c37-481474f5e9a8,2026-07-14,2026-07-19T14:01:46.20319+00:00,
195b879c-5b50-470b-bddf-b195d49edd62,8317f825-0889-4b0f-9df3-ffddfed1bee3,2026-07-14,2026-07-19T14:01:45.588477+00:00,
98f63011-65fb-4189-aef8-2f031b6fe6a7,bd99711d-abd0-42de-99ec-4227b6b0d681,2026-07-14,2026-07-19T14:01:46.823375+00:00,
38493cb7-e5b9-4064-b6aa-54b0cc3b9a84,9ce4b93b-9b0f-43b5-b170-41df9d099056,2026-07-14,2026-07-19T14:11:11.022379+00:00,
58b924e1-264e-48e9-a057-b954928bbaa9,9ce4b93b-9b0f-43b5-b170-41df9d099056,2026-07-14,2026-07-19T14:11:11.022379+00:00,
48219b47-d326-48b7-8127-cf0d9edff817,de72c734-eed1-4405-84c6-3920e475ac11,2026-07-14,2026-07-19T14:11:11.948354+00:00,
a2bbdc15-150f-4eac-813f-7c7f79bb7607,de72c734-eed1-4405-84c6-3920e475ac11,2026-07-14,2026-07-19T14:11:11.948354+00:00,
2f59c7b8-0777-4faa-9664-6e8c3aa7a2f7,ec51e85e-936a-4c39-b48b-7d6cd244d4c3,2026-07-15,2026-07-19T14:01:43.078834+00:00,
fc8849f1-35e7-4720-a62c-77e36e45d619,b14cf24e-9d3e-4d88-8ed9-527d80ef5946,2026-07-15,2026-07-19T14:01:43.697993+00:00,
9527c2a4-0b52-45c7-9d15-13ac7a6c52ef,d8eebbae-0f7f-41b9-b25d-cadc5a41bb4d,2026-07-15,2026-07-19T14:01:44.338489+00:00,
dd68c764-d2b8-416a-912d-a8f76837f9f3,268d3c2d-deed-40e9-8511-531c4551bfdc,2026-07-15,2026-07-19T14:01:30.539988+00:00,
dc3ca694-013e-4de4-b566-a2ee1abfe4dc,e04728c4-631c-4806-ac18-0466e74eec35,2026-07-15,2026-07-19T14:01:41.835309+00:00,
05a62c25-d954-4a42-a62a-72aa3565088e,4f00ea8b-f77e-46d5-a2d5-cd388b1a13df,2026-07-15,2026-07-19T14:01:41.21772+00:00,
f33476ca-7d73-4057-bf80-9b1934e95ed4,6015d8c1-a252-4aee-8825-503e276d71bc,2026-07-15,2026-07-19T14:01:39.968753+00:00,
f9c1b861-5217-4bcd-988d-e18d52918b44,fcab141e-2130-462a-a46b-b11c7ee961e5,2026-07-15,2026-07-19T14:01:39.343132+00:00,
c58fb030-9730-4502-a7ad-5900a966ebef,da184778-b7c7-4fdb-a580-f78d0c9ae0d1,2026-07-15,2026-07-19T14:28:42.027601+00:00,
2012f35f-d04e-49d1-94b9-03bf33cae33b,da184778-b7c7-4fdb-a580-f78d0c9ae0d1,2026-07-15,2026-07-19T14:28:43.384984+00:00,
623454f5-9715-4842-a80b-5adef8ce86c4,8f5e0a21-92fa-4f69-b8b8-37fa72148cd6,2026-07-15,2026-07-19T14:01:38.096515+00:00,
14d4b416-0ee9-4db7-8c22-13ec6fb45614,9a7b317d-2741-4ca5-b5f2-c12526dc884d,2026-07-15,2026-07-19T14:01:37.476326+00:00,
42e93144-ae21-481f-ba55-15d7de0bfb08,a5728401-730d-4807-b1b3-9ef96547ad6d,2026-07-15,2026-07-19T14:01:36.849336+00:00,
3e285156-4862-4b1b-9f03-ca67f8f6919a,6c06716e-03e4-4e52-af56-76553e858e47,2026-07-15,2026-07-19T14:01:36.21353+00:00,
afac9217-f463-41ad-907c-ff864b7e83a5,09612b3b-44b1-4f48-a851-e41a03b47c01,2026-07-15,2026-07-19T14:01:35.594046+00:00,
d884da7c-cecc-4edf-bd35-a55566b2031c,09612b3b-44b1-4f48-a851-e41a03b47c01,2026-07-15,2026-07-19T14:01:35.594046+00:00,
4ed5353c-d844-447b-9dcb-9b4ea92d7742,e560288e-46be-4a1b-abe2-2008669a10c1,2026-07-15,2026-07-19T14:01:32.448132+00:00,
961f136b-3acf-4c60-bc7c-66a968cc2680,58912263-266e-4886-9457-87f777e8c5f3,2026-07-15,2026-07-19T14:01:42.451767+00:00,
a3499579-5082-4ba9-a641-a70d3e294e62,94d8c1d1-a880-4a5a-87ab-e7adde63dbec,2026-07-16,2026-07-19T14:01:33.077679+00:00,
dd1916cb-8b91-4b43-83c0-e5d17ff04885,9ce4b93b-9b0f-43b5-b170-41df9d099056,2026-07-16,2026-07-19T14:11:11.022379+00:00,
4092c7d8-d292-4486-93b9-c895cc1a7a95,d8eebbae-0f7f-41b9-b25d-cadc5a41bb4d,2026-07-16,2026-07-19T14:01:44.338489+00:00,
9974697d-0042-4ad8-b180-a863d7575aa0,1399a309-4f8a-487a-8f2b-693fed74810f,2026-07-16,2026-07-19T14:01:31.824035+00:00,
15685389-d039-4edd-b42e-2e00a3158983,50805446-6ffa-4d1f-9cd9-55c375e5dc0d,2026-07-16,2026-07-19T14:01:38.71777+00:00,
6da01149-a572-4c4c-9b21-3df818f30543,3d712136-4105-4dbe-aa8c-26c98ef355d8,2026-07-16,2026-07-19T14:01:31.188314+00:00,
f0fa7d99-8edb-4b09-bb41-27d90f5239ee,8f4f2e6f-372f-4893-b550-4a4c644e0783,2026-07-16,2026-07-19T14:01:40.596274+00:00,
0b2df32d-596c-436f-a503-2788b26f082b,fcb96276-936a-441f-a884-be5f120c986e,2026-07-17,2026-07-19T14:11:15.964704+00:00,
3fe65e86-644d-49fd-8ac8-f8bc72b88922,8f5e0a21-92fa-4f69-b8b8-37fa72148cd6,2026-07-17,2026-07-19T14:01:38.096515+00:00,
d73d52b5-4f3d-4e26-a68e-e4263132558d,da184778-b7c7-4fdb-a580-f78d0c9ae0d1,2026-07-17,2026-07-19T14:28:51.668594+00:00,
f14be5e1-01d1-474c-8ee1-37431092c94d,268d3c2d-deed-40e9-8511-531c4551bfdc,2026-07-19,2026-07-19T14:01:30.539988+00:00,
192b5d2c-e6b1-48ea-8cad-0994ed794cf6,da184778-b7c7-4fdb-a580-f78d0c9ae0d1,2026-07-19,2026-07-19T14:28:58.2391+00:00,
f8d0ebd8-16fb-4fa2-9bce-dce42320fafc,ec51e85e-936a-4c39-b48b-7d6cd244d4c3,2026-07-19,2026-07-19T14:01:43.078834+00:00,
adc15c7a-c284-429e-8292-b87e5528d94c,8317f825-0889-4b0f-9df3-ffddfed1bee3,2026-07-19,2026-07-19T14:01:45.588477+00:00,
23045737-c447-470b-a623-5c1f9cd9863e,c221ff76-7d3d-4e79-b52f-2e45a99e0f00,2026-07-19,2026-07-19T14:01:48.067513+00:00,
8bf0d05d-ca00-4fcd-850e-2378c43143cd,a5728401-730d-4807-b1b3-9ef96547ad6d,2026-07-19,2026-07-19T14:01:36.849336+00:00,
d95e41c8-acd0-4f67-84ad-7e300d171ebe,268d3c2d-deed-40e9-8511-531c4551bfdc,2026-07-19,2026-07-19T14:01:30.539988+00:00,
dc922a7a-ddf8-4cce-a833-49ba93f486af,9acca895-cbd2-4fd0-8c37-481474f5e9a8,2026-07-20,2026-07-19T14:01:46.20319+00:00,
064a1d50-4e75-4c95-b716-ef6e4502c9d3,89661909-1225-4f58-8554-03230f52e989,2026-07-20,2026-07-19T14:01:34.962703+00:00,